[{"pk": 1, "model": "recipes_api.ingredient", "fields": {"name": "flour"}}, {"pk": 2, "model": "recipes_api.ingredient", "fields": {"name": "beets"}}, {"pk": 3, "model": "recipes_api.ingredient", "fields": {"name": "onion"}}, {"pk": 4, "model": "recipes_api.ingredient", "fields": {"name": "chicken breast"}}, {"pk": 5, "model": "recipes_api.ingredient", "fields": {"name": "baking powder"}}, {"pk": 6, "model": "recipes_api.ingredient", "fields": {"name": "salt"}}, {"pk": 7, "model": "recipes_api.ingredient", "fields": {"name": "sugar"}}, {"pk": 8, "model": "recipes_api.ingredient", "fields": {"name": "milk"}}, {"pk": 9, "model": "recipes_api.ingredient", "fields": {"name": "cooking oil"}}, {"pk": 10, "model": "recipes_api.ingredient", "fields": {"name": "egg"}}, {"pk": 11, "model": "recipes_api.ingredient", "fields": {"name": "rum"}}, {"pk": 12, "model": "recipes_api.ingredient", "fields": {"name": "triple sec"}}, {"pk": 13, "model": "recipes_api.ingredient", "fields": {"name": "Fresca"}}, {"pk": 14, "model": "recipes_api.ingredient", "fields": {"name": "brown sugar"}}, {"pk": 15, "model": "recipes_api.ingredient", "fields": {"name": "shortening"}}, {"pk": 16, "model": "recipes_api.ingredient", "fields": {"name": "butter"}}, {"pk": 17, "model": "recipes_api.ingredient", "fields": {"name": "vanilla"}}, {"pk": 18, "model": "recipes_api.ingredient", "fields": {"name": "baking soda"}}, {"pk": 19, "model": "recipes_api.ingredient", "fields": {"name": "chocolate chips"}}, {"pk": 20, "model": "recipes_api.ingredient", "fields": {"name": "citrus soda"}}, {"pk": 21, "model": "recipes_api.ingredient", "fields": {"name": "lime juice"}}, {"pk": 22, "model": "recipes_api.ingredient", "fields": {"name": "ice cube"}}, {"pk": 23, "model": "recipes_api.ingredient", "fields": {"name": "Pie Crust"}}, {"pk": 24, "model": "recipes_api.ingredient", "fields": {"name": "White Corn Syrup"}}, {"pk": 25, "model": "recipes_api.ingredient", "fields": {"name": "Corn Syrup"}}, {"pk": 26, "model": "recipes_api.ingredient", "fields": {"name": "Butter"}}, {"pk": 27, "model": "recipes_api.ingredient", "fields": {"name": "eggs"}}, {"pk": 29, "model": "recipes_api.ingredient", "fields": {"name": "pecan halves"}}, {"pk": 30, "model": "recipes_api.ingredient", "fields": {"name": "butter"}}, {"pk": 32, "model": "recipes_api.ingredient", "fields": {"name": "canned pumpkin"}}, {"pk": 33, "model": "recipes_api.ingredient", "fields": {"name": "baking soda"}}, {"pk": 34, "model": "recipes_api.ingredient", "fields": {"name": "cinnamon"}}, {"pk": 35, "model": "recipes_api.ingredient", "fields": {"name": "powdered sugar"}}, {"pk": 36, "model": "recipes_api.ingredient", "fields": {"name": "butter"}}, {"pk": 37, "model": "recipes_api.ingredient", "fields": {"name": "raisins"}}, {"pk": 38, "model": "recipes_api.ingredient", "fields": {"name": "milk"}}, {"pk": 39, "model": "recipes_api.ingredient", "fields": {"name": "sweetened condensed milk"}}, {"pk": 40, "model": "recipes_api.ingredient", "fields": {"name": "key lime juice"}}, {"pk": 41, "model": "recipes_api.ingredient", "fields": {"name": "graham cracker"}}, {"pk": 42, "model": "recipes_api.ingredient", "fields": {"name": "penne"}}, {"pk": 43, "model": "recipes_api.ingredient", "fields": {"name": "sharp cheddar cheese"}}, {"pk": 44, "model": "recipes_api.ingredient", "fields": {"name": "parmesean cheese"}}, {"pk": 45, "model": "recipes_api.ingredient", "fields": {"name": "bread crumbs"}}, {"pk": 46, "model": "recipes_api.ingredient", "fields": {"name": "paprika"}}, {"pk": 47, "model": "recipes_api.ingredient", "fields": {"name": "cocoa powder"}}, {"pk": 48, "model": "recipes_api.ingredient", "fields": {"name": "water"}}, {"pk": 49, "model": "recipes_api.ingredient", "fields": {"name": "monterrey jack cheese"}}, {"pk": 50, "model": "recipes_api.ingredient", "fields": {"name": "pickles"}}, {"pk": 51, "model": "recipes_api.ingredient", "fields": {"name": "garlic"}}, {"pk": 52, "model": "recipes_api.ingredient", "fields": {"name": "pimentos"}}, {"pk": 53, "model": "recipes_api.ingredient", "fields": {"name": "mayonnaise"}}, {"pk": 54, "model": "recipes_api.ingredient", "fields": {"name": "broccoli"}}, {"pk": 55, "model": "recipes_api.ingredient", "fields": {"name": "Pina Colada Mix"}}, {"pk": 56, "model": "recipes_api.ingredient", "fields": {"name": "bread"}}, {"pk": 57, "model": "recipes_api.ingredient", "fields": {"name": "bread"}}, {"pk": 58, "model": "recipes_api.ingredient", "fields": {"name": "swiss cheese"}}, {"pk": 59, "model": "recipes_api.ingredient", "fields": {"name": "meat"}}, {"pk": 60, "model": "recipes_api.ingredient", "fields": {"name": "horseradish"}}, {"pk": 61, "model": "recipes_api.ingredient", "fields": {"name": "ketchup"}}, {"pk": 62, "model": "recipes_api.ingredient", "fields": {"name": "sauerkraut"}}, {"pk": 63, "model": "recipes_api.ingredient", "fields": {"name": "pepper jack cheese"}}, {"pk": 64, "model": "recipes_api.ingredient", "fields": {"name": "bacon"}}, {"pk": 65, "model": "recipes_api.ingredient", "fields": {"name": "salsa"}}, {"pk": 66, "model": "recipes_api.ingredient", "fields": {"name": "English muffin"}}, {"pk": 67, "model": "recipes_api.ingredient", "fields": {"name": "coffee"}}, {"pk": 68, "model": "recipes_api.ingredient", "fields": {"name": "coconut extract"}}, {"pk": 1, "model": "recipes_api.measurement", "fields": {"abbreviation": "c", "name": "cup"}}, {"pk": 2, "model": "recipes_api.measurement", "fields": {"abbreviation": "qt", "name": "quart"}}, {"pk": 3, "model": "recipes_api.measurement", "fields": {"abbreviation": "", "name": "item"}}, {"pk": 4, "model": "recipes_api.measurement", "fields": {"abbreviation": "tbsp", "name": "tablespoon"}}, {"pk": 5, "model": "recipes_api.measurement", "fields": {"abbreviation": "tsp", "name": "teaspoon"}}, {"pk": 6, "model": "recipes_api.measurement", "fields": {"abbreviation": "oz", "name": "ounce (volume)"}}, {"pk": 12, "model": "recipes_api.measurement", "fields": {"abbreviation": "dash", "name": "dash"}}, {"pk": 13, "model": "recipes_api.measurement", "fields": {"abbreviation": "lb", "name": "pound"}}, {"pk": 14, "model": "recipes_api.measurement", "fields": {"abbreviation": "", "name": "cloves"}}, {"pk": 15, "model": "recipes_api.measurement", "fields": {"abbreviation": "oz", "name": "ounce (weight)"}}, {"pk": 16, "model": "recipes_api.measurement", "fields": {"abbreviation": "", "name": "clove"}}, {"pk": 17, "model": "recipes_api.measurement", "fields": {"abbreviation": "slice", "name": "slice"}}, {"pk": 6, "model": "recipes_api.measurementconversion", "fields": {"threshold": 8.0, "source": 1, "destination": 2, "ingredient": null, "factor": 0.25}}, {"pk": 7, "model": "recipes_api.measurementconversion", "fields": {"threshold": 0.25, "source": 1, "destination": 4, "ingredient": null, "factor": 16.0}}, {"pk": 9, "model": "recipes_api.measurementconversion", "fields": {"threshold": 4.0, "source": 4, "destination": 1, "ingredient": null, "factor": 0.0625}}, {"pk": 3, "model": "recipes_api.recipeingredient", "fields": {"amount": "1 3/4", "measurement": 1, "recipe": 2, "description": "", "ingredient": 1}}, {"pk": 4, "model": "recipes_api.recipeingredient", "fields": {"amount": "1", "measurement": 4, "recipe": 2, "description": "", "ingredient": 5}}, {"pk": 5, "model": "recipes_api.recipeingredient", "fields": {"amount": "1/4", "measurement": 5, "recipe": 2, "description": "", "ingredient": 6}}, {"pk": 6, "model": "recipes_api.recipeingredient", "fields": {"amount": "2", "measurement": 4, "recipe": 2, "description": "", "ingredient": 7}}, {"pk": 7, "model": "recipes_api.recipeingredient", "fields": {"amount": "1 1/2", "measurement": 1, "recipe": 2, "description": "", "ingredient": 8}}, {"pk": 8, "model": "recipes_api.recipeingredient", "fields": {"amount": "3", "measurement": 4, "recipe": 2, "description": "", "ingredient": 9}}, {"pk": 9, "model": "recipes_api.recipeingredient", "fields": {"amount": "1", "measurement": 3, "recipe": 2, "description": "", "ingredient": 10}}, {"pk": 24, "model": "recipes_api.recipeingredient", "fields": {"amount": "1", "measurement": 1, "recipe": 4, "description": "", "ingredient": 7}}, {"pk": 25, "model": "recipes_api.recipeingredient", "fields": {"amount": "1", "measurement": 1, "recipe": 4, "description": "", "ingredient": 14}}, {"pk": 26, "model": "recipes_api.recipeingredient", "fields": {"amount": "2/3", "measurement": 1, "recipe": 4, "description": "", "ingredient": 15}}, {"pk": 27, "model": "recipes_api.recipeingredient", "fields": {"amount": "2/3", "measurement": 1, "recipe": 4, "description": "", "ingredient": 16}}, {"pk": 28, "model": "recipes_api.recipeingredient", "fields": {"amount": "2", "measurement": 3, "recipe": 4, "description": "", "ingredient": 10}}, {"pk": 29, "model": "recipes_api.recipeingredient", "fields": {"amount": "1", "measurement": 5, "recipe": 4, "description": "", "ingredient": 17}}, {"pk": 30, "model": "recipes_api.recipeingredient", "fields": {"amount": "3", "measurement": 1, "recipe": 4, "description": "", "ingredient": 1}}, {"pk": 31, "model": "recipes_api.recipeingredient", "fields": {"amount": "1", "measurement": 5, "recipe": 4, "description": "", "ingredient": 6}}, {"pk": 32, "model": "recipes_api.recipeingredient", "fields": {"amount": "1", "measurement": 5, "recipe": 4, "description": "", "ingredient": 18}}, {"pk": 33, "model": "recipes_api.recipeingredient", "fields": {"amount": "2", "measurement": 1, "recipe": 4, "description": "", "ingredient": 19}}, {"pk": 34, "model": "recipes_api.recipeingredient", "fields": {"amount": "4", "measurement": 3, "recipe": 5, "description": "", "ingredient": 22}}, {"pk": 35, "model": "recipes_api.recipeingredient", "fields": {"amount": "2", "measurement": 6, "recipe": 5, "description": "", "ingredient": 12}}, {"pk": 36, "model": "recipes_api.recipeingredient", "fields": {"amount": "1", "measurement": 6, "recipe": 5, "description": "", "ingredient": 11}}, {"pk": 37, "model": "recipes_api.recipeingredient", "fields": {"amount": "4 1/2", "measurement": 6, "recipe": 5, "description": "chilled", "ingredient": 20}}, {"pk": 38, "model": "recipes_api.recipeingredient", "fields": {"amount": "1/2", "measurement": 6, "recipe": 5, "description": "", "ingredient": 21}}, {"pk": 39, "model": "recipes_api.recipeingredient", "fields": {"amount": "8", "measurement": 6, "recipe": 6, "description": "chilled", "ingredient": 13}}, {"pk": 40, "model": "recipes_api.recipeingredient", "fields": {"amount": "2", "measurement": 6, "recipe": 6, "description": "", "ingredient": 11}}, {"pk": 41, "model": "recipes_api.recipeingredient", "fields": {"amount": "1", "measurement": 6, "recipe": 6, "description": "", "ingredient": 12}}, {"pk": 42, "model": "recipes_api.recipeingredient", "fields": {"amount": "1", "measurement": 3, "recipe": 7, "description": "9 inch", "ingredient": 23}}, {"pk": 43, "model": "recipes_api.recipeingredient", "fields": {"amount": "1", "measurement": 1, "recipe": 7, "description": "White", "ingredient": 25}}, {"pk": 44, "model": "recipes_api.recipeingredient", "fields": {"amount": "1/3", "measurement": 1, "recipe": 7, "description": "melted", "ingredient": 26}}, {"pk": 45, "model": "recipes_api.recipeingredient", "fields": {"amount": "3", "measurement": 3, "recipe": 7, "description": "large, slightly beaten", "ingredient": 10}}, {"pk": 46, "model": "recipes_api.recipeingredient", "fields": {"amount": "1", "measurement": 1, "recipe": 7, "description": "light", "ingredient": 14}}, {"pk": 47, "model": "recipes_api.recipeingredient", "fields": {"amount": "1/3", "measurement": 5, "recipe": 7, "description": "", "ingredient": 6}}, {"pk": 48, "model": "recipes_api.recipeingredient", "fields": {"amount": "1", "measurement": 5, "recipe": 7, "description": "", "ingredient": 17}}, {"pk": 49, "model": "recipes_api.recipeingredient", "fields": {"amount": "2", "measurement": 1, "recipe": 7, "description": "", "ingredient": 29}}, {"pk": 50, "model": "recipes_api.recipeingredient", "fields": {"amount": "1/2", "measurement": 1, "recipe": 8, "description": "softened", "ingredient": 30}}, {"pk": 52, "model": "recipes_api.recipeingredient", "fields": {"amount": "1", "measurement": 1, "recipe": 8, "description": "", "ingredient": 32}}, {"pk": 53, "model": "recipes_api.recipeingredient", "fields": {"amount": "1", "measurement": 5, "recipe": 8, "description": "", "ingredient": 17}}, {"pk": 54, "model": "recipes_api.recipeingredient", "fields": {"amount": "2", "measurement": 1, "recipe": 8, "description": "", "ingredient": 1}}, {"pk": 55, "model": "recipes_api.recipeingredient", "fields": {"amount": "1", "measurement": 5, "recipe": 8, "description": "", "ingredient": 5}}, {"pk": 56, "model": "recipes_api.recipeingredient", "fields": {"amount": "1", "measurement": 5, "recipe": 8, "description": "", "ingredient": 33}}, {"pk": 57, "model": "recipes_api.recipeingredient", "fields": {"amount": "1", "measurement": 5, "recipe": 8, "description": "", "ingredient": 34}}, {"pk": 58, "model": "recipes_api.recipeingredient", "fields": {"amount": "1/2", "measurement": 5, "recipe": 8, "description": "", "ingredient": 6}}, {"pk": 59, "model": "recipes_api.recipeingredient", "fields": {"amount": "1", "measurement": 1, "recipe": 8, "description": "", "ingredient": 37}}, {"pk": 60, "model": "recipes_api.recipeingredient", "fields": {"amount": "2", "measurement": 4, "recipe": 8, "description": "FROSTING", "ingredient": 36}}, {"pk": 61, "model": "recipes_api.recipeingredient", "fields": {"amount": "1 1/2", "measurement": 1, "recipe": 8, "description": "FROSTING", "ingredient": 35}}, {"pk": 62, "model": "recipes_api.recipeingredient", "fields": {"amount": "2", "measurement": 4, "recipe": 8, "description": "FROSTING", "ingredient": 38}}, {"pk": 63, "model": "recipes_api.recipeingredient", "fields": {"amount": "1", "measurement": 5, "recipe": 8, "description": "FROSTING", "ingredient": 17}}, {"pk": 65, "model": "recipes_api.recipeingredient", "fields": {"amount": "14", "measurement": 6, "recipe": 9, "description": "1 can", "ingredient": 39}}, {"pk": 66, "model": "recipes_api.recipeingredient", "fields": {"amount": "5", "measurement": 3, "recipe": 9, "description": "just the yolks", "ingredient": 10}}, {"pk": 67, "model": "recipes_api.recipeingredient", "fields": {"amount": "1/2", "measurement": 1, "recipe": 9, "description": "", "ingredient": 40}}, {"pk": 68, "model": "recipes_api.recipeingredient", "fields": {"amount": "1 1/2", "measurement": 1, "recipe": 10, "description": "finely crushed", "ingredient": 41}}, {"pk": 69, "model": "recipes_api.recipeingredient", "fields": {"amount": "6", "measurement": 4, "recipe": 10, "description": "melted", "ingredient": 16}}, {"pk": 70, "model": "recipes_api.recipeingredient", "fields": {"amount": "1/3", "measurement": 1, "recipe": 10, "description": "", "ingredient": 7}}, {"pk": 71, "model": "recipes_api.recipeingredient", "fields": {"amount": "1", "measurement": 3, "recipe": 9, "description": "{% recipe_link 10 crust %}", "ingredient": null}}, {"pk": 72, "model": "recipes_api.recipeingredient", "fields": {"amount": "16", "measurement": 6, "recipe": 11, "description": "", "ingredient": 42}}, {"pk": 73, "model": "recipes_api.recipeingredient", "fields": {"amount": "4", "measurement": 1, "recipe": 11, "description": "", "ingredient": 43}}, {"pk": 74, "model": "recipes_api.recipeingredient", "fields": {"amount": "1", "measurement": 1, "recipe": 11, "description": "freshly grated", "ingredient": 44}}, {"pk": 75, "model": "recipes_api.recipeingredient", "fields": {"amount": "6", "measurement": 1, "recipe": 11, "description": "", "ingredient": 8}}, {"pk": 76, "model": "recipes_api.recipeingredient", "fields": {"amount": "1/2", "measurement": 1, "recipe": 11, "description": "", "ingredient": 16}}, {"pk": 77, "model": "recipes_api.recipeingredient", "fields": {"amount": "5", "measurement": 4, "recipe": 11, "description": "", "ingredient": 1}}, {"pk": 78, "model": "recipes_api.recipeingredient", "fields": {"amount": "4", "measurement": 4, "recipe": 11, "description": "", "ingredient": 16}}, {"pk": 79, "model": "recipes_api.recipeingredient", "fields": {"amount": "1", "measurement": 1, "recipe": 11, "description": "", "ingredient": 45}}, {"pk": 80, "model": "recipes_api.recipeingredient", "fields": {"amount": "1", "measurement": 12, "recipe": 11, "description": "", "ingredient": 46}}, {"pk": 81, "model": "recipes_api.recipeingredient", "fields": {"amount": "1/3", "measurement": 1, "recipe": 12, "description": "", "ingredient": 47}}, {"pk": 82, "model": "recipes_api.recipeingredient", "fields": {"amount": "1/2", "measurement": 1, "recipe": 12, "description": "", "ingredient": 7}}, {"pk": 83, "model": "recipes_api.recipeingredient", "fields": {"amount": "1/2", "measurement": 1, "recipe": 12, "description": "", "ingredient": 48}}, {"pk": 84, "model": "recipes_api.recipeingredient", "fields": {"amount": "1", "measurement": 13, "recipe": 13, "description": "", "ingredient": 43}}, {"pk": 85, "model": "recipes_api.recipeingredient", "fields": {"amount": "1/2", "measurement": 13, "recipe": 13, "description": "", "ingredient": 49}}, {"pk": 86, "model": "recipes_api.recipeingredient", "fields": {"amount": "2", "measurement": 3, "recipe": 13, "description": "medium kosher dill", "ingredient": 50}}, {"pk": 87, "model": "recipes_api.recipeingredient", "fields": {"amount": "2", "measurement": 14, "recipe": 13, "description": "3 can be used for a powerful garlic punch", "ingredient": 51}}, {"pk": 88, "model": "recipes_api.recipeingredient", "fields": {"amount": "4", "measurement": 6, "recipe": 13, "description": "", "ingredient": 52}}, {"pk": 89, "model": "recipes_api.recipeingredient", "fields": {"amount": "3", "measurement": 4, "recipe": 13, "description": "", "ingredient": 53}}, {"pk": 90, "model": "recipes_api.recipeingredient", "fields": {"amount": "20", "measurement": 15, "recipe": 14, "description": "frozen, chopped", "ingredient": 54}}, {"pk": 91, "model": "recipes_api.recipeingredient", "fields": {"amount": "17", "measurement": 4, "recipe": 14, "description": "", "ingredient": 1}}, {"pk": 92, "model": "recipes_api.recipeingredient", "fields": {"amount": "1", "measurement": 5, "recipe": 14, "description": "", "ingredient": 5}}, {"pk": 93, "model": "recipes_api.recipeingredient", "fields": {"amount": "1", "measurement": 5, "recipe": 14, "description": "", "ingredient": 6}}, {"pk": 94, "model": "recipes_api.recipeingredient", "fields": {"amount": "2", "measurement": 3, "recipe": 14, "description": "", "ingredient": 10}}, {"pk": 95, "model": "recipes_api.recipeingredient", "fields": {"amount": "1", "measurement": 1, "recipe": 14, "description": "", "ingredient": 8}}, {"pk": 96, "model": "recipes_api.recipeingredient", "fields": {"amount": "4", "measurement": 4, "recipe": 14, "description": "melted", "ingredient": 16}}, {"pk": 97, "model": "recipes_api.recipeingredient", "fields": {"amount": "2", "measurement": 1, "recipe": 14, "description": "shredded", "ingredient": 43}}, {"pk": 98, "model": "recipes_api.recipeingredient", "fields": {"amount": ".5", "measurement": 1, "recipe": 14, "description": "chopped", "ingredient": null}}, {"pk": 99, "model": "recipes_api.recipeingredient", "fields": {"amount": "2", "measurement": 16, "recipe": 14, "description": "fresh, minced", "ingredient": null}}, {"pk": 100, "model": "recipes_api.recipeingredient", "fields": {"amount": "4", "measurement": 6, "recipe": 15, "description": "", "ingredient": 55}}, {"pk": 101, "model": "recipes_api.recipeingredient", "fields": {"amount": "1 1/4", "measurement": 6, "recipe": 15, "description": "or ginger ale", "ingredient": 11}}, {"pk": 102, "model": "recipes_api.recipeingredient", "fields": {"amount": "2", "measurement": 1, "recipe": 15, "description": "", "ingredient": 22}}, {"pk": 103, "model": "recipes_api.recipeingredient", "fields": {"amount": "1/2", "measurement": 1, "recipe": 16, "description": "", "ingredient": 47}}, {"pk": 104, "model": "recipes_api.recipeingredient", "fields": {"amount": "1", "measurement": 1, "recipe": 16, "description": "", "ingredient": 48}}, {"pk": 105, "model": "recipes_api.recipeingredient", "fields": {"amount": "2", "measurement": 1, "recipe": 16, "description": "", "ingredient": 7}}, {"pk": 106, "model": "recipes_api.recipeingredient", "fields": {"amount": "1/8", "measurement": 5, "recipe": 16, "description": "", "ingredient": 6}}, {"pk": 107, "model": "recipes_api.recipeingredient", "fields": {"amount": "1/4", "measurement": 5, "recipe": 16, "description": "", "ingredient": 17}}, {"pk": 108, "model": "recipes_api.recipeingredient", "fields": {"amount": "2", "measurement": 17, "recipe": 17, "description": "Rye is ideal", "ingredient": 57}}, {"pk": 109, "model": "recipes_api.recipeingredient", "fields": {"amount": "1", "measurement": 17, "recipe": 17, "description": "", "ingredient": 58}}, {"pk": 110, "model": "recipes_api.recipeingredient", "fields": {"amount": "1", "measurement": 3, "recipe": 17, "description": "", "ingredient": 10}}, {"pk": 111, "model": "recipes_api.recipeingredient", "fields": {"amount": "1", "measurement": 3, "recipe": 17, "description": "Pastrami, corned beef, roast beef or some combination of the three", "ingredient": 59}}, {"pk": 112, "model": "recipes_api.recipeingredient", "fields": {"amount": "2", "measurement": 4, "recipe": 17, "description": "to taste", "ingredient": 60}}, {"pk": 113, "model": "recipes_api.recipeingredient", "fields": {"amount": "2", "measurement": 4, "recipe": 17, "description": "to taste", "ingredient": 61}}, {"pk": 114, "model": "recipes_api.recipeingredient", "fields": {"amount": "1/3", "measurement": 1, "recipe": 17, "description": "to taste", "ingredient": 62}}, {"pk": 115, "model": "recipes_api.recipeingredient", "fields": {"amount": "2", "measurement": 17, "recipe": 18, "description": "add more to taste", "ingredient": 64}}, {"pk": 116, "model": "recipes_api.recipeingredient", "fields": {"amount": "2", "measurement": 17, "recipe": 18, "description": "", "ingredient": 63}}, {"pk": 117, "model": "recipes_api.recipeingredient", "fields": {"amount": "1", "measurement": 3, "recipe": 18, "description": "cooked to preference", "ingredient": 10}}, {"pk": 118, "model": "recipes_api.recipeingredient", "fields": {"amount": "1/4", "measurement": 1, "recipe": 18, "description": "", "ingredient": 65}}, {"pk": 119, "model": "recipes_api.recipeingredient", "fields": {"amount": "1", "measurement": 3, "recipe": 18, "description": "", "ingredient": 66}}, {"pk": 120, "model": "recipes_api.recipeingredient", "fields": {"amount": "1", "measurement": 1, "recipe": 19, "description": "", "ingredient": 67}}, {"pk": 121, "model": "recipes_api.recipeingredient", "fields": {"amount": "1", "measurement": 4, "recipe": 19, "description": "", "ingredient": 39}}, {"pk": 122, "model": "recipes_api.recipeingredient", "fields": {"amount": "1/2", "measurement": 5, "recipe": 19, "description": "", "ingredient": 47}}, {"pk": 123, "model": "recipes_api.recipeingredient", "fields": {"amount": "1/8", "measurement": 5, "recipe": 19, "description": "", "ingredient": 68}}, {"pk": 2, "model": "recipes_api.step", "fields": {"image": "", "recipe": 2, "description": "Preheat skillet or griddle", "order": 1}}, {"pk": 13, "model": "recipes_api.step", "fields": {"image": "", "recipe": 4, "description": "Preheat oven to 375.", "order": 1}}, {"pk": 17, "model": "recipes_api.step", "fields": {"image": "", "recipe": 5, "description": "Place the ice cubes into a highball glass.", "order": 1}}, {"pk": 20, "model": "recipes_api.step", "fields": {"image": "", "recipe": 6, "description": "Pour the Fresca into a highball glass.", "order": 1}}, {"pk": 23, "model": "recipes_api.step", "fields": {"image": "", "recipe": 7, "description": "Preheat oven to 350 F.", "order": 1}}, {"pk": 31, "model": "recipes_api.step", "fields": {"image": "", "recipe": 8, "description": "Pre-heat oven to 350 F. ", "order": 1}}, {"pk": 39, "model": "recipes_api.step", "fields": {"image": "", "recipe": 10, "description": "Mix all ingredients until well blended.", "order": 1}}, {"pk": 42, "model": "recipes_api.step", "fields": {"image": "", "recipe": 9, "description": "Preheat oven to 375\u00b0", "order": 1}}, {"pk": 46, "model": "recipes_api.step", "fields": {"image": "", "recipe": 11, "description": "Preheat oven to 350.", "order": 1}}, {"pk": 54, "model": "recipes_api.step", "fields": {"image": "", "recipe": 12, "description": "Mix well.", "order": 1}}, {"pk": 55, "model": "recipes_api.step", "fields": {"image": "", "recipe": 13, "description": "cut cheese and pickles into chunks", "order": 1}}, {"pk": 59, "model": "recipes_api.step", "fields": {"image": "", "recipe": 14, "description": "Preheat oven to 350F.", "order": 1}}, {"pk": 63, "model": "recipes_api.step", "fields": {"image": "", "recipe": 15, "description": "Combine in blender. Garnish with pineapple and cherry.", "order": 1}}, {"pk": 64, "model": "recipes_api.step", "fields": {"image": "", "recipe": 16, "description": "Mix the cocoa powder and the water in a saucepan.", "order": 1}}, {"pk": 69, "model": "recipes_api.step", "fields": {"image": "", "recipe": 17, "description": "Fry egg over-medium (little bit runny)", "order": 1}}, {"pk": 73, "model": "recipes_api.step", "fields": {"image": "", "recipe": 18, "description": "Fry the bacon to taste.", "order": 1}}, {"pk": 77, "model": "recipes_api.step", "fields": {"image": "", "recipe": 19, "description": "Brew coffee to taste.", "order": 1}}, {"pk": 3, "model": "recipes_api.step", "fields": {"image": "", "recipe": 2, "description": "Mix dry ingredients in a bowl.", "order": 2}}, {"pk": 9, "model": "recipes_api.step", "fields": {"image": "", "recipe": 4, "description": "Blend the wet ingredients (sugar, brown sugar, butter, shortening, eggs, and vanilla). Whip for several minutes until creamy.", "order": 2}}, {"pk": 18, "model": "recipes_api.step", "fields": {"image": "", "recipe": 5, "description": "Add other ingredients (Sprite Zero is the original soda of choice) in order to a measuring cup marked in ounces. Total liquid amount should be 8 fluid ounces per serving.", "order": 2}}, {"pk": 21, "model": "recipes_api.step", "fields": {"image": "", "recipe": 6, "description": "Add the rum and triple sec.", "order": 2}}, {"pk": 24, "model": "recipes_api.step", "fields": {"image": "", "recipe": 7, "description": "Roll out pie crust in 9\" pie pan.", "order": 2}}, {"pk": 32, "model": "recipes_api.step", "fields": {"image": "", "recipe": 8, "description": "Cream butter and sugar together.", "order": 2}}, {"pk": 40, "model": "recipes_api.step", "fields": {"image": "", "recipe": 10, "description": "Press firmly into pie plate.", "order": 2}}, {"pk": 43, "model": "recipes_api.step", "fields": {"image": "", "recipe": 9, "description": "Combine egg yolks, sweetened condensed milk, and lime juice, and mix well.", "order": 2}}, {"pk": 47, "model": "recipes_api.step", "fields": {"image": "", "recipe": 11, "description": "Cook pasta according to package directions and drain.", "order": 2}}, {"pk": 56, "model": "recipes_api.step", "fields": {"image": "", "recipe": 13, "description": "combine all ingredients except the mayo in a food processor and pulse long enough to roughly chop", "order": 2}}, {"pk": 60, "model": "recipes_api.step", "fields": {"image": "", "recipe": 14, "description": "Thaw broccoli and drain thoroughly.", "order": 2}}, {"pk": 65, "model": "recipes_api.step", "fields": {"image": "", "recipe": 16, "description": "Heat and stir to dissolve the cocoa.", "order": 2}}, {"pk": 70, "model": "recipes_api.step", "fields": {"image": "", "recipe": 17, "description": "Layer cheese, egg, meat and kraut on slice of bread", "order": 2}}, {"pk": 74, "model": "recipes_api.step", "fields": {"image": "", "recipe": 18, "description": "Cook the egg in the bacon grease.", "order": 2}}, {"pk": 78, "model": "recipes_api.step", "fields": {"image": "", "recipe": 19, "description": "Scoop about as much sweetened condensed milk onto a spoon as you can. Mr. Henning keeps a can in the freezer, so it is thicker and easier to keep on the spoon.", "order": 2}}, {"pk": 4, "model": "recipes_api.step", "fields": {"image": "", "recipe": 2, "description": "Mix oil, milk, and lightly beaten egg and add to dry ingredients.", "order": 3}}, {"pk": 10, "model": "recipes_api.step", "fields": {"image": "", "recipe": 4, "description": "Add dry ingredients (flour, salt, and baking soda). Blend just until mixed.", "order": 3}}, {"pk": 19, "model": "recipes_api.step", "fields": {"image": "", "recipe": 5, "description": "Pour liquid ingredients over ice and enjoy!", "order": 3}}, {"pk": 22, "model": "recipes_api.step", "fields": {"image": "", "recipe": 6, "description": "Stir and serve. Ice can be added if desired.", "order": 3}}, {"pk": 25, "model": "recipes_api.step", "fields": {"image": "", "recipe": 7, "description": "Combine all ingredients except pecans and beat on low to well combined.", "order": 3}}, {"pk": 33, "model": "recipes_api.step", "fields": {"image": "", "recipe": 8, "description": "Add pumpkin and vanilla and stir until combined.", "order": 3}}, {"pk": 41, "model": "recipes_api.step", "fields": {"image": "", "recipe": 10, "description": "If the recipe calls for a baked pie crust, bake at 375 degrees for 7 minutes and then chill. Otherwise just chill the crust for about 1 hour.", "order": 3}}, {"pk": 44, "model": "recipes_api.step", "fields": {"image": "", "recipe": 9, "description": "Pour into unbaked pie crust, and bake for 15 minutes.", "order": 3}}, {"pk": 48, "model": "recipes_api.step", "fields": {"image": "", "recipe": 11, "description": "In a saucepan, melt 1 stick butter over medium heat. Stir in enough flour to make a roux. ", "order": 3}}, {"pk": 57, "model": "recipes_api.step", "fields": {"image": "", "recipe": 13, "description": "combine with mayo in a large bowl and stir well", "order": 3}}, {"pk": 61, "model": "recipes_api.step", "fields": {"image": "", "recipe": 14, "description": "Stir all ingredients together, then pour into greased 13x9 and press flat.", "order": 3}}, {"pk": 66, "model": "recipes_api.step", "fields": {"image": "", "recipe": 16, "description": "Add the sugar, and stir to dissolve.", "order": 3}}, {"pk": 71, "model": "recipes_api.step", "fields": {"image": "", "recipe": 17, "description": "Combine ketchup and horseradish separately, or directly on the sandwich. Thousand Island dressing is a good alternative.", "order": 3}}, {"pk": 75, "model": "recipes_api.step", "fields": {"image": "", "recipe": 18, "description": "Toast the muffin.", "order": 3}}, {"pk": 79, "model": "recipes_api.step", "fields": {"image": "", "recipe": 19, "description": "Place the spoon and other ingredients in a mug.", "order": 3}}, {"pk": 5, "model": "recipes_api.step", "fields": {"image": "", "recipe": 2, "description": "Mix batter only until moistened.", "order": 4}}, {"pk": 11, "model": "recipes_api.step", "fields": {"image": "", "recipe": 4, "description": "Add chocolate chips. Use a spoon or spatula to mix.", "order": 4}}, {"pk": 26, "model": "recipes_api.step", "fields": {"image": "", "recipe": 7, "description": "Pour into pie shell.", "order": 4}}, {"pk": 34, "model": "recipes_api.step", "fields": {"image": "", "recipe": 8, "description": "Add flour, baking powder, baking soda, cinnamon and salt to the creamed mixture and mix well.", "order": 4}}, {"pk": 45, "model": "recipes_api.step", "fields": {"image": "", "recipe": 9, "description": "Allow to cool before serving.", "order": 4}}, {"pk": 49, "model": "recipes_api.step", "fields": {"image": "", "recipe": 11, "description": "Slowly add milk to the roux and stir constantly.", "order": 4}}, {"pk": 58, "model": "recipes_api.step", "fields": {"image": "", "recipe": 13, "description": "refrigerate", "order": 4}}, {"pk": 62, "model": "recipes_api.step", "fields": {"image": "", "recipe": 14, "description": "Bake at 350F for 30-35 minutes until top is lightly browned.", "order": 4}}, {"pk": 67, "model": "recipes_api.step", "fields": {"image": "", "recipe": 16, "description": "Boil for 3 minutes over medium heat, being careful not to let it get too hot and boil over.", "order": 4}}, {"pk": 72, "model": "recipes_api.step", "fields": {"image": "", "recipe": 17, "description": "Top with final slice of bread", "order": 4}}, {"pk": 76, "model": "recipes_api.step", "fields": {"image": "", "recipe": 18, "description": "Assemble the open face sandwich as follows (starting at the bottom): muffin, cheese, egg, bacon, salsa. Repeat with the other half.", "order": 4}}, {"pk": 80, "model": "recipes_api.step", "fields": {"image": "", "recipe": 19, "description": "Pour in the coffee then stir", "order": 4}}, {"pk": 6, "model": "recipes_api.step", "fields": {"image": "", "recipe": 2, "description": "Spoon about 1/4 cup of batter per pancake onto hot griddle or skillet. Cook until golden brown.", "order": 5}}, {"pk": 12, "model": "recipes_api.step", "fields": {"image": "", "recipe": 4, "description": "Form dough into balls. Using a scoop will give you more even baking.", "order": 5}}, {"pk": 27, "model": "recipes_api.step", "fields": {"image": "", "recipe": 7, "description": "Place pecans into pie. Press lightly and cover whole top with pecans.", "order": 5}}, {"pk": 35, "model": "recipes_api.step", "fields": {"image": "", "recipe": 8, "description": "Fold in the raisins.", "order": 5}}, {"pk": 50, "model": "recipes_api.step", "fields": {"image": "", "recipe": 11, "description": "Add cheeses and cook over low heat until cheese is melted and the sauce is a little thick. By using low heat, you will prevent the sauce becoming grainy. ", "order": 5}}, {"pk": 68, "model": "recipes_api.step", "fields": {"image": "", "recipe": 16, "description": "Stir in salt and vanilla", "order": 5}}, {"pk": 14, "model": "recipes_api.step", "fields": {"image": "", "recipe": 4, "description": "Place dough balls about 1 1/2 inches apart on a cookie sheet.", "order": 6}}, {"pk": 28, "model": "recipes_api.step", "fields": {"image": "", "recipe": 7, "description": "Cover loosely with foil.", "order": 6}}, {"pk": 36, "model": "recipes_api.step", "fields": {"image": "", "recipe": 8, "description": "Drop by teaspoonfuls onto baking sheet lined with parchment. A cookie scoop is the easiest for this process. ", "order": 6}}, {"pk": 51, "model": "recipes_api.step", "fields": {"image": "", "recipe": 11, "description": "Pour sauce over pasta and mix thoroughly. Pour pasta in 9x13.", "order": 6}}, {"pk": 15, "model": "recipes_api.step", "fields": {"image": "", "recipe": 4, "description": "Bake for 8-10 minutes or until the edges just start to brown. ", "order": 7}}, {"pk": 29, "model": "recipes_api.step", "fields": {"image": "", "recipe": 7, "description": "Bake for 45 minutes or until center is slightly jiggly.", "order": 7}}, {"pk": 37, "model": "recipes_api.step", "fields": {"image": "", "recipe": 8, "description": "Bake at 350 F for 13 minutes or until lightly browned. Cool.", "order": 7}}, {"pk": 52, "model": "recipes_api.step", "fields": {"image": "", "recipe": 11, "description": "Melt 4 tablespoons of butter in saucepan. Add breadcrumbs and stir until browned. Sprinkle over macaroni and cheese. Sprinkle with a little paprika.", "order": 7}}, {"pk": 16, "model": "recipes_api.step", "fields": {"image": "", "recipe": 4, "description": "Cool on the pan for 2-3 minutes. Then move them to a wire cooling rack to finish cooling.", "order": 8}}, {"pk": 30, "model": "recipes_api.step", "fields": {"image": "", "recipe": 7, "description": "Refrigerate after cooled to set. If desired, take out pie a few hours before serving to come to room temperature. ", "order": 8}}, {"pk": 38, "model": "recipes_api.step", "fields": {"image": "", "recipe": 8, "description": "For the frosting, melt butter in saucepan. Add the powdered sugar, milk and vanilla and stir until smooth. Spread frosting on cooled cookies. ", "order": 8}}, {"pk": 53, "model": "recipes_api.step", "fields": {"image": "", "recipe": 11, "description": "Bake at 350 for 30-45 minutes. ", "order": 8}}, {"pk": 1, "model": "auth.user", "fields": {"username": "root", "first_name": "", "last_name": "", "is_active": true, "is_superuser": true, "is_staff": true, "last_login": "2012-10-02T00:20:05Z", "groups": [], "user_permissions": [], "password": "pbkdf2_sha256$10000$7cuCaM85YY4m$uewRuoeTL7SkK0NO0Whgz0zPq5nFM2624IPXN8A2GjU=", "email": "timford88@gmail.com", "date_joined": "2012-10-01T20:30:26Z"}}, {"pk": 2, "model": "auth.user", "fields": {"username": "joe", "first_name": "", "last_name": "", "is_active": true, "is_superuser": false, "is_staff": true, "last_login": "2013-01-17T00:20:38Z", "groups": [2], "user_permissions": [], "password": "pbkdf2_sha256$10000$yoZJkH0mkldj$7QUd2q5JbE743Bpqb2PnM1yi6HLtOXBlPsuf8uYoW7o=", "email": "", "date_joined": "2012-10-02T00:17:53Z"}}, {"pk": 3, "model": "auth.user", "fields": {"username": "tim", "first_name": "", "last_name": "", "is_active": true, "is_superuser": true, "is_staff": true, "last_login": "2013-01-17T19:01:42Z", "groups": [2], "user_permissions": [], "password": "pbkdf2_sha256$10000$oojOMcYoYkSD$zo4Lx1nHJuXUZ/J5hM+nOedeFzU8tjUF1AwO7yFEXas=", "email": "", "date_joined": "2012-10-02T00:18:17Z"}}, {"pk": 4, "model": "auth.user", "fields": {"username": "drew", "first_name": "", "last_name": "", "is_active": true, "is_superuser": false, "is_staff": true, "last_login": "2012-10-03T22:47:34Z", "groups": [1], "user_permissions": [], "password": "pbkdf2_sha256$10000$giH2XFZvt6yN$Oi1WvYNaPm9BtRs2c1D8vSbjkE3l0CAcPZKPI+M54z0=", "email": "", "date_joined": "2012-10-03T22:47:34Z"}}, {"pk": 5, "model": "auth.user", "fields": {"username": "sam", "first_name": "", "last_name": "", "is_active": true, "is_superuser": false, "is_staff": true, "last_login": "2012-10-03T22:50:11Z", "groups": [1], "user_permissions": [], "password": "pbkdf2_sha256$10000$Np9XFfd1GVp6$8wt4l3VR5qC/ikjlinh/Dn603njOF9xc6ZsemRJrtHU=", "email": "", "date_joined": "2012-10-03T22:50:11Z"}}, {"pk": 6, "model": "auth.user", "fields": {"username": "chris", "first_name": "", "last_name": "", "is_active": true, "is_superuser": false, "is_staff": true, "last_login": "2012-10-05T09:22:45Z", "groups": [1], "user_permissions": [], "password": "pbkdf2_sha256$10000$BIUnbgt9tcJj$hj6/tZm/QRJhZPnkQ86pgRgwruDi+drNir2Wc6woPas=", "email": "", "date_joined": "2012-10-03T22:56:59Z"}}, {"pk": 7, "model": "auth.user", "fields": {"username": "dennae", "first_name": "", "last_name": "", "is_active": true, "is_superuser": false, "is_staff": true, "last_login": "2012-10-03T22:57:21Z", "groups": [1], "user_permissions": [], "password": "pbkdf2_sha256$10000$RnBXwIPfGRB1$ZMIiyjY/+hPabD2au7P4Fj2PsrSVqDdq+QQNmexg1gY=", "email": "", "date_joined": "2012-10-03T22:57:21Z"}}, {"pk": 8, "model": "auth.user", "fields": {"username": "ben", "first_name": "", "last_name": "", "is_active": true, "is_superuser": false, "is_staff": true, "last_login": "2013-04-21T02:35:42Z", "groups": [1], "user_permissions": [], "password": "pbkdf2_sha256$10000$YHff4ce8QIfw$xQfZsKHUgxnkjDqhj7VxLDSKJMz51Y6QP/ih9G30M7Q=", "email": "", "date_joined": "2012-10-03T22:57:36Z"}}, {"pk": 9, "model": "auth.user", "fields": {"username": "bra", "first_name": "", "last_name": "", "is_active": true, "is_superuser": false, "is_staff": true, "last_login": "2012-10-03T23:25:24Z", "groups": [1], "user_permissions": [], "password": "pbkdf2_sha256$10000$FfJdtQRaG9AO$9SgxZnEvbc9+utlx84wR7Y7x7zunWJD3hPB8ABz4/j4=", "email": "", "date_joined": "2012-10-03T23:25:24Z"}}, {"pk": 10, "model": "auth.user", "fields": {"username": "leah", "first_name": "", "last_name": "", "is_active": true, "is_superuser": false, "is_staff": true, "last_login": "2012-11-05T02:30:43Z", "groups": [1], "user_permissions": [], "password": "pbkdf2_sha256$10000$7gol7TsIC30p$Q2yLdxwINOJ/kusNZ3WdYb7avm1/Yf2/QewHuuDfVCQ=", "email": "", "date_joined": "2012-10-03T23:56:19Z"}}, {"pk": 11, "model": "auth.user", "fields": {"username": "katie", "first_name": "", "last_name": "", "is_active": true, "is_superuser": false, "is_staff": true, "last_login": "2012-10-05T06:05:54Z", "groups": [1], "user_permissions": [], "password": "pbkdf2_sha256$10000$M7LSrU1kmm3I$cZ6et1hPr++6s+vGV8FU8cAGIrT9PNkO8vQUR/Fo4HI=", "email": "", "date_joined": "2012-10-05T06:05:54Z"}}, {"pk": 2, "model": "recipes_api.recipe", "fields": {"active_time": 30, "description": "Your standard pancake. Great for adding fruit, chocolate chips, or other fillings/topping to. {% recipe_link 7 pie %}", "author": 3, "image": "", "inactive_time": 0, "servings": 8, "name": "Pancakes"}}, {"pk": 4, "model": "recipes_api.recipe", "fields": {"active_time": 15, "description": "The world-famous White family chocolate chip cookie recipe. They are best right out of the oven, but you can freeze them too.", "author": 6, "image": "", "inactive_time": 40, "servings": 48, "name": "Chocolate Chip Cookies"}}, {"pk": 5, "model": "recipes_api.recipe", "fields": {"active_time": 5, "description": "This cocktail has the authentic citric bite and sweet finish you would expect from a drink named after the roller coaster of emotions that is FNL. ", "author": 3, "image": "", "inactive_time": 0, "servings": 1, "name": "Friday Night Light"}}, {"pk": 6, "model": "recipes_api.recipe", "fields": {"active_time": 5, "description": "The no-nonsense cocktail that inspired the Friday Night Light.", "author": 3, "image": "", "inactive_time": 0, "servings": 1, "name": "Rum and Fresca"}}, {"pk": 7, "model": "recipes_api.recipe", "fields": {"active_time": 15, "description": "This is one of my most favorite pies. It's perfect for the holidays. The center is not overly gelled like store bought pecan pies. ", "author": 10, "image": "", "inactive_time": 45, "servings": 8, "name": "Ketucky Pecan Pie"}}, {"pk": 8, "model": "recipes_api.recipe", "fields": {"active_time": 20, "description": "These cookies are cake-like in the texture. Great for the holidays. Serving size is technically 2 cookies per person. :-D The whole batch makes about 3 dozen cookies. ", "author": 10, "image": "", "inactive_time": 13, "servings": 18, "name": "Pumpkin Raisin Cookies"}}, {"pk": 9, "model": "recipes_api.recipe", "fields": {"active_time": 15, "description": "Easy, but delicious.", "author": 3, "image": "", "inactive_time": 20, "servings": 1, "name": "Easy Key Lime Pie"}}, {"pk": 10, "model": "recipes_api.recipe", "fields": {"active_time": 15, "description": "Simple crust. ", "author": 3, "image": "", "inactive_time": 60, "servings": 1, "name": "Graham Cracker Crust"}}, {"pk": 11, "model": "recipes_api.recipe", "fields": {"active_time": 20, "description": "Creamy and Cheesy. Great as-is, but also great with ham chunks. I also recommend using Panko crumbs instead of traditional bread crumbs.", "author": 10, "image": "", "inactive_time": 30, "servings": 8, "name": "Mac 'n Cheese"}}, {"pk": 12, "model": "recipes_api.recipe", "fields": {"active_time": 5, "description": "This is a quick easy recipe I came across a while ago. Easily scaled by a 1:1.5:1.5 ratio", "author": 8, "image": "", "inactive_time": 0, "servings": 12, "name": "Easy Chocolate Syrup"}}, {"pk": 13, "model": "recipes_api.recipe", "fields": {"active_time": 15, "description": "My family has a holiday tradition of making this cheese to be served on cheap white bread. I use a manual food mill rather than a food processor.", "author": 8, "image": "", "inactive_time": 30, "servings": 8, "name": "Pimento Cheese"}}, {"pk": 14, "model": "recipes_api.recipe", "fields": {"active_time": 15, "description": "The perfect side for roasted or grilled meats. Hot, cheesy, comfort food at its finest.", "author": 2, "image": "", "inactive_time": 35, "servings": 12, "name": "Broccoli Brownies"}}, {"pk": 15, "model": "recipes_api.recipe", "fields": {"active_time": 5, "description": "This is actually just the directions off the Master of Mixes Pina Colada mixer bottle", "author": 8, "image": "", "inactive_time": 0, "servings": 1, "name": "Pina Colada"}}, {"pk": 16, "model": "recipes_api.recipe", "fields": {"active_time": 5, "description": "Alternate Chocolate syrup recipe", "author": 8, "image": "", "inactive_time": 5, "servings": 8, "name": "Chocolate Syrup"}}, {"pk": 17, "model": "recipes_api.recipe", "fields": {"active_time": 10, "description": "artofmanliness.com is running a series on sandwiches for the month of April 2013. \"Each weekday this month you\u2019ll find a new delicious sandwich recipe complete with photo instructions on how to construct it.\" http://www.artofmanliness.com/2013/04/01/the-breakfast-reuben-sandwich/", "author": 8, "image": "", "inactive_time": 0, "servings": 1, "name": "Breakfast Rueben"}}, {"pk": 18, "model": "recipes_api.recipe", "fields": {"active_time": 10, "description": "\"Bacon, egg, and cheese on a muffin is pretty standard, but mix it up with pepper jack and throw salsa on top, and you got yourself a potential superstar.\"\r\nhttp://www.artofmanliness.com/2013/04/04/southwest-breakfast-sandwich/", "author": 8, "image": "", "inactive_time": 0, "servings": 1, "name": "Southwest Breakfast Sandwich"}}, {"pk": 19, "model": "recipes_api.recipe", "fields": {"active_time": 5, "description": "Liquid Highway in Greenville makes a coconut mocha, which Mr. Henning describes as \"a liquid almond joy bar.\" He crafted this recipe so he could make it at home", "author": 8, "image": "", "inactive_time": 5, "servings": 1, "name": "Coconut Mocha"}}]